{"cameraMode":{"drawMode":0,"name":"Shaded","section":"Shading Mode"},"sceneLighting":true,"audioPlay":false,"sceneViewState":{"m_AlwaysRefresh":false,"showFog":true,"showSkybox":true,"showFlares":true,"showImageEffects":true,"showParticleSystems":true,"showVisualEffectGraphs":true,"m_FxEnabled":true},"in2DMode":false,"pivot":{"x":4.321563720703125,"y":3.1009368896484377,"z":5.1653571128845219},"rotation":{"x":-0.13386258482933045,"y":0.6546624898910523,"z":-0.11933811008930206,"w":-0.7343409061431885},"size":11.464153289794922,"orthographic":false}