{"cameraMode":{"drawMode":0,"name":"Shaded","section":"Shading Mode"},"sceneLighting":false,"audioPlay":false,"sceneViewState":{"m_AlwaysRefresh":false,"showFog":true,"showSkybox":false,"showFlares":true,"showImageEffects":true,"showParticleSystems":true,"showVisualEffectGraphs":true,"m_FxEnabled":true},"in2DMode":false,"pivot":{"x":0.013995647430419922,"y":0.11618185043334961,"z":0.5044054388999939},"rotation":{"x":-0.13386258482933045,"y":0.6546624898910523,"z":-0.11933811008930206,"w":-0.7343409061431885},"size":6.444921493530273,"orthographic":false}